,0,1,2
0,http://www.twgreatdaily.com/cat92/node1697861,珠超力量大各宇宙的八位最王牌，悟空力M不了前三？,ackfun
1,http://www.twgreatdaily.com/cat92/node1697770,珠：O悟空打不A就_欤反派人物最害怕的三N大招,ackfun
2,http://www.twgreatdaily.com/cat92/node1698106,俄_斯妹子被封「多面神」，cosplay神技火遍外W,ackfun
3,http://www.twgreatdaily.com/cat92/node1698128, 比起反Ω多的是困惑，《你的名字》好R]真人版不如成oP的全新作品,ackfun
4,http://www.twgreatdaily.com/cat92/node1698135,F人y穑1 月新番《Killing Bites》公_ PV c容,ackfun
5,http://www.twgreatdaily.com/cat92/node1698140,大家一起j，To Love 10 周年o念本多知名漫家I上RD,ackfun
6,http://www.twgreatdaily.com/cat92/node1698142,又是世界的美食，Wj小f《世界居酒屋》赢化（更新XD）,ackfun
7,http://www.twgreatdaily.com/cat92/node1698147,1 月 12 日起播出，《封神演x》新赢公_祟}、先ьA告c追加 ...,ackfun
8,http://www.twgreatdaily.com/cat92/node1698149,重大l表cu作委T的版擞，《uf的幽奈同W》赢化妥了,ackfun
9,http://www.twgreatdaily.com/cat92/node1698151,性感可郏|l希f}魔女b手k_,ackfun
10,http://www.twgreatdaily.com/cat92/node1697690,全中啊！不想承J也不行了…11「25q前 VS. 25q後」的超明@ ...,ackfun
11,http://www.twgreatdaily.com/cat92/node1697479,海\王漫最新情蟆【884・是l？】,ackfun
12,http://www.twgreatdaily.com/cat92/node1697182,珠，悟空VS合w鹗磕酌耄窟@真正的目似是吉B！,ackfun
13,http://www.twgreatdaily.com/cat92/node1696681,珠，@才是真正o车拇嬖冢”Pc七龊象w鹗看y斗！,ackfun
14,http://www.twgreatdaily.com/cat92/node1697236,火影：傲勺糁力打，不H陪小淹嫫鹆圻[颍Y婚生子了！,ackfun
15,http://www.twgreatdaily.com/cat92/node1697485,珠超：悟⒊樽钺岬内A家，因榇蠹叶己雎粤诉@l法t！,ackfun
16,http://www.twgreatdaily.com/cat92/node1697511,揭秘10 位「越M」成T的超扯「H年g」！原硇∧媳洒要更老！,ackfun
17,http://www.twgreatdaily.com/cat92/node1697034,勇主角所需付出的代r，d^算什N，第六已舍了人形,ackfun
18,http://www.twgreatdaily.com/cat92/node1696686,珠超：除了吉特，有4人使用坡塔拉耳h合w,ackfun
19,http://www.twgreatdaily.com/cat92/node1697486,珠超在後m的∏槔铮武天老一定o我砀精彩的痿Y,ackfun
20,http://www.twgreatdaily.com/cat92/node1697487,珠超：碜怨俜骄〉淖钚⊥福∪嗽烊17的重^蚣硪u！,ackfun
21,http://www.twgreatdaily.com/cat92/node1696526,海\王：三⑿撬鼓郊出觯〈鹬後，娜美毫o洗了澡？,ackfun
22,http://www.twgreatdaily.com/cat92/node1695232,《珠超》合w人激鹱栽O意功悟空力量大最後的y斗,ackfun
23,http://www.twgreatdaily.com/cat92/node1695286,珠超新一集再F痿Y力系y崩 悟空苦N久不追昼,ackfun
24,http://www.twgreatdaily.com/cat92/node1696227,珠，悟空的超一和超四才算真正的身？其他形B只是提升了力量,ackfun
25,http://www.twgreatdaily.com/cat92/node1695278,珠，髡f中的超人S鹞逶？布_利o承蜗ъ兑坏！,ackfun
26,http://www.twgreatdaily.com/cat92/node1696186,珠，超三悟空其就掌握了自在O意功：只是被吉B激l了出恚,ackfun
27,http://www.twgreatdaily.com/cat92/node1695170,珠超：吉B的大吵霈F，全新合w鹗康,ackfun
28,http://www.twgreatdaily.com/cat92/node1696091,「楹巍短萍t的俑琛芬平次c和~挑大牛俊怪荒苷f青山昌在很懂x者的 ...,ackfun
29,http://www.twgreatdaily.com/cat92/node1696093,「楹涡乱徊幌胱回柯南！」看完@ 9 D你就懂了,ackfun
30,http://www.twgreatdaily.com/cat92/node1695483,最早完全控制尾F的人柱力是？？？？,ackfun
31,http://www.twgreatdaily.com/cat92/node1695270,珠超第七宇宙面R最大危C 比克被淘汰後17、18也⒉结m,ackfun
32,http://www.twgreatdaily.com/cat92/node1696228,珠超在120集A告接下17展示自己的真正力了,ackfun
33,http://www.twgreatdaily.com/cat92/node1696105,你毛骨悚然的 5 大典恐怖@悚勇 ，看完再不敢一人睡X！ C  ...,ackfun
34,http://www.twgreatdaily.com/cat92/node1696099,有生之年K於看到了《名商娇履稀∏榈闹卮笸黄疲看完@ 3 D你就懂了 ...,ackfun
35,http://www.twgreatdaily.com/cat92/node1695859,人饴音落x的比例也很高，悠木碧竹_彩奈活由险自己⒓赢音趣事,ackfun
36,http://www.twgreatdaily.com/cat92/node1695096,迪士尼公主卸掉上全部的y之後…@根本是完全不同的人了吧！,ackfun
37,http://www.twgreatdaily.com/cat92/node1695864, 新的赢是漫完Y？|京蟹N:re 漫⒂碇卮蟀l表（|京蟹N:r ...,ackfun
38,http://www.twgreatdaily.com/cat92/node1695870, 最低工Y剩PA 2018 年春季新T工裼r薪制度,ackfun
39,http://www.twgreatdaily.com/cat92/node1695469,\|方project①：蕾米莉,ackfun
40,http://www.twgreatdaily.com/cat92/node1694472,宇智波富岳的f花筒出鲎钌伲但比鼬神,ackfun
41,http://www.twgreatdaily.com/cat92/node1693907,珠，耳h合w力量K於被揭秘，合w鹗P芙拉⒌醮蚣B？,ackfun
42,http://www.twgreatdaily.com/cat92/node1693912,珠超真是越y越好看了，凫墩宗珠的O悟空超人3登,ackfun
43,http://www.twgreatdaily.com/cat92/node1694699,了26年哆啦A.小叮.大山w代患失智「它是l」引I崩.元祖如今 ...,ackfun
44,http://www.twgreatdaily.com/cat92/node1694811,火影忍者：F[村七把忍刀最U的一把，l用l倒楣！,ackfun
45,http://www.twgreatdaily.com/cat92/node1694372,珠超：象帕是最渣的破纳瘢5看出象帕到底有多渣！,ackfun
46,http://www.twgreatdaily.com/cat92/node1694136,火影忍者：真正土豪的六人，你JR哪？,ackfun
47,http://www.twgreatdaily.com/cat92/node1693909,珠，史上堪Q妖孽五位人，天x甩悟空、吉塔装l街！,ackfun
48,http://www.twgreatdaily.com/cat92/node1693713,海\王：路w遭，娜美被欺！名刀白~慢匕湍反笸酰,ackfun
49,http://www.twgreatdaily.com/cat92/node1694215,信不信，@只超萌的「山寨皮卡丘」正在日本狂走t,ackfun
